타입 종류:, Image GIF Font Animation,,
Type,Key,Path,Param
Image,player/idle,Resource/Character/Player/Anim_Char_Idle.png,
GIF,player/idle,Resource/Character/Player/Anim_Char_Idle.gif,
Image,player/hit,Resource/Character/Player/Img_Char_Hit.png,
Image,player/attack,Resource/Character/Player/Img_Char_GunFire.png,
Image,player/aim,Resource/Character/Player/Img_Char_Ready.png,
Image,player/knockback_attack,Resource/Character/Player/Img_Char_CrossbowFire.png,
Image,player/dead,Resource/Character/Player/Img_Char_Dead.png,
Image,Tile,Resource/Stage/Tile.png,
Image,BackGround/Train,Resource/Stage/Img_Main_Train1.png,
Image,BackGround/TrainRail,Resource/Stage/Img_Main_TrainRail.png,
Image,BackGround/Wheel,Resource/Stage/wheel.png,
Image,Trap/Chandelier,Resource/Stage/Img_Obj_Chan.png,
Image,Trap/GunPowder,Resource/Stage/Img_Obj_Oak.png,
Image,shade,Resource/Stage/shade.png,
Font,sample,Resource/font/Permanent Marker.ttf,
GIF,meleeEnemy/idle,Resource/Character/Enemy/MeleeEnemy/Anim_MeleeEnemy_Idle.gif,
GIF,meleeEnemy/attackReady,Resource/Character/Enemy/MeleeEnemy/Anim_MeleeEnemy_Ready.gif,
Image,meleeEnemy/idle,Resource/Character/Enemy/MeleeEnemy/Anim_MeleeEnemy_Idle.png,
Image,meleeEnemy/attack,Resource/Character/Enemy/MeleeEnemy/Img_MeleeEnemy_Attack.png,
Image,meleeEnemy/hit,Resource/Character/Enemy/MeleeEnemy/Img_MeleeEnemy_Hit.png,
Image,meleeEnemy/move,Resource/Character/Enemy/MeleeEnemy/Img_MeleeEnemy_Move.png,
Image,meleeEnemy/attackReady,Resource/Character/Enemy/MeleeEnemy/Img_MeleeEnemy_Ready.png,
GIF,rangeEnemy/idle,Resource/Character/Enemy/RangeEnemy/Anim_RangedEnemy_Idle.gif,
GIF,rangeEnemy/attackReady,Resource/Character/Enemy/RangeEnemy/Anim_RangedEnemy_Ready.gif,
Image,rangeEnemy/idle,Resource/Character/Enemy/RangeEnemy/Anim_RangedEnemy_Idle.png,
Image,rangeEnemy/attack,Resource/Character/Enemy/RangeEnemy/Img_RangedEnemy_Attack.png,
Image,rangeEnemy/hit,Resource/Character/Enemy/RangeEnemy/Img_RangedEnemy_Hit.png,
Image,rangeEnemy/move,Resource/Character/Enemy/RangeEnemy/Img_RangedEnemy_Move.png,
Image,rangeEnemy/attackReady,Resource/Character/Enemy/RangeEnemy/Img_RangedEnemy_Ready.png,
GIF,rushEnemy/idle,Resource/Character/Enemy/RushEnemy/Anim_RushEnemy_Idle.gif,
GIF,rushEnemy/attackReady,Resource/Character/Enemy/RushEnemy/Anim_RushEnemy_Ready.gif,
Image,rushEnemy/idle,Resource/Character/Enemy/RushEnemy/Anim_RushEnemy_Idle.png,
Image,rushEnemy/attack,Resource/Character/Enemy/RushEnemy/Img_RushEnemy_Attack.png,
Image,rushEnemy/hit,Resource/Character/Enemy/RushEnemy/Img_RushEnemy_Hit.png,
Image,rushEnemy/move,Resource/Character/Enemy/RushEnemy/Img_RushEnemy_Move.png,
Image,rushEnemy/attackReady,Resource/Character/Enemy/RushEnemy/Img_RushEnemy_Ready.png,
Image,Effect/SpawnEffect,Resource/Effect/Anim_VFX_Fire.png,
Image,arrow/arc1,Resource/UI/UI_IndicatorRanged1.png,
Image,arrow/arc2,Resource/UI/UI_IndicatorRanged2.png,
Image,arrow/move,Resource/UI/UI_IndicatorLin.png,
Image,arrow/down,Resource/UI/UI_ChanDropLin.png,
Image,arrow/attack/melee,Resource/UI/UI_IndicatorLin2.png,
Image,arrow/knockback,Resource/UI/UI_Knockback.png,
Image,Damage/1,Resource/UI/damage1.png,
Image,Damage/2,Resource/UI/damage2.png,
Image,Damage/3,Resource/UI/damage3.png,
Image,Gunpowder/BombArea,Resource/UI/UI_OakExploRange.png,
Image,UI/CandleFire,Resource/UI/UI_RemainTurn.png,
Image,UI/CandleCut,Resource/UI/UI_EmptyRemainTurn.png,
Image,UI/WaveInfo,Resource/UI/UI_WaveIcon.png,
Image,Train/Left,Resource/Stage/train_main_Left.png,
Image,Train/Right,Resource/Stage/train_main_Right.png,
Image,UI/HpBar2_0,Resource/UI/HpBar/UI_HpBar2_0.png,
Image,UI/HpBar2_1,Resource/UI/HpBar/UI_HpBar2_1.png,
Image,UI/HpBar2_2,Resource/UI/HpBar/UI_HpBar2_2.png,
Image,UI/HpBar3_0,Resource/UI/HpBar/UI_HpBar3_0.png,
Image,UI/HpBar3_1,Resource/UI/HpBar/UI_HpBar3_1.png,
Image,UI/HpBar3_2,Resource/UI/HpBar/UI_HpBar3_2.png,
Image,UI/HpBar3_3,Resource/UI/HpBar/UI_HpBar3_3.png,
Image,UI/HpBar5_0,Resource/UI/HpBar/UI_HpBar5_0.png,
Image,UI/HpBar5_1,Resource/UI/HpBar/UI_HpBar5_1.png,
Image,UI/HpBar5_2,Resource/UI/HpBar/UI_HpBar5_2.png,
Image,UI/HpBar5_3,Resource/UI/HpBar/UI_HpBar5_3.png,
Image,UI/HpBar5_4,Resource/UI/HpBar/UI_HpBar5_4.png,
Image,UI/HpBar5_5,Resource/UI/HpBar/UI_HpBar5_5.png,
Image,UI/BossHpBar3_0,Resource/UI/HpBar/Boss/UI_Boss_Hp0.png,
Image,UI/BossHpBar3_1,Resource/UI/HpBar/Boss/UI_Boss_Hp1.png,
Image,UI/BossHpBar3_2,Resource/UI/HpBar/Boss/UI_Boss_Hp2.png,
Image,UI/BossHpBar3_3,Resource/UI/HpBar/Boss/UI_Boss_Hp3.png,
Image,UI/WarningMelee,Resource/UI/LowerSign/UI_LowerSignMelee.png,
Image,UI/WarningRange,Resource/UI/LowerSign/UI_LowerSignRanged.png,
Image,UI/WarningRush,Resource/UI/LowerSign/UI_LowerSignRush.png,
Image,UI/BackUI,Resource/UI/TextBox/UI_BackTexture.png,
Image,UI/WeaponAttack,Resource/UI/Type_Gun.png,
Image,UI/WeaponKnockBack,Resource/UI/Type_Crossbow.png,
Image,UI/TacticModeBtn/On,Resource/UI/UI_Button_Tactical1.png,
Image,UI/TacticModeBtn/Off,Resource/UI/UI_Button_Tactical2.png,
Image,UI/Tile,Resource/UI/UI_Position.png,
Image,UI/CrossBowAim,Resource/UI/UI_Crossbow_Crosshair.png,
Image,UI/GunAim,Resource/UI/UI_Crosshair.png,
Image,UI/Selected,Resource/UI/UI_ChosenPoint.png,
Image,UI/TextBox,Resource/UI/TextBox/UI_TextBubble.png,
Image,BackGround_sunset_1,Resource/Stage/Img_Main_Background1/1.png,
Image,BackGround_sunset_2,Resource/Stage/Img_Main_Background1/2.png,
Image,BackGround_sunset_3,Resource/Stage/Img_Main_Background1/3.png,
Image,BackGround_sunset_4,Resource/Stage/Img_Main_Background1/4.png,
Image,BackGround_sunset_5,Resource/Stage/Img_Main_Background1/5.png,
Image,BackGround_night_1,Resource/Stage/Img_Main_Background2/1.png,
Image,BackGround_night_2,Resource/Stage/Img_Main_Background2/2.png,
Image,BackGround_night_3,Resource/Stage/Img_Main_Background2/3.png,
Image,BackGround_night_4,Resource/Stage/Img_Main_Background2/4.png,
Image,BackGround_night_5,Resource/Stage/Img_Main_Background2/5.png,
Image,BackGround_Hell_1,Resource/Stage/Img_Main_Background3/1.png,
Image,BackGround_Hell_2,Resource/Stage/Img_Main_Background3/2.png,
Image,BackGround_Hell_3,Resource/Stage/Img_Main_Background3/3.png,
Image,BackGround_Hell_4,Resource/Stage/Img_Main_Background3/4.png,
Image,BackGround_Hell_5,Resource/Stage/Img_Main_Background3/5.png,
GIF,VFX/NormalAttack,Resource/Effect/Anim_VFX_DeadHit.gif,
GIF,VFX/CrossbowAttack,Resource/Effect/Anim_VFX_CrossbowFlash.gif,
GIF,VFX/HitBlood,Resource/Effect/Anim_VFX_Blood.gif,
Animation,VFX/NormalAttack,VFX/NormalAttack,GIF
Animation,VFX/CrossbowAttack,VFX/CrossbowAttack,GIF
Animation,VFX/HitBlood,VFX/HitBlood,GIF
Image,Tuto/T2/Shade,Resource/UI/Tutorial/Turn2_Shade.png,
Image,Tuto/T3/PressR,Resource/UI/Tutorial/UI_R_Key2.png,
GIF,VFX/HitBlood1,Resource/Effect/Anim_VFX_Blood.gif,
GIF,VFX/HitBlood2,Resource/Effect/Anim_VFX_Blood_02.gif,
GIF,VFX/HitBlood3,Resource/Effect/Anim_VFX_Blood_03.gif,
Animation,VFX/HitBlood1,VFX/HitBlood1,GIF
Animation,VFX/HitBlood2,VFX/HitBlood2,GIF
Animation,VFX/HitBlood3,VFX/HitBlood3,GIF
GIF,VFX/DeadHit,Resource/Effect/Anim_VFX_DeadHit.gif,
Animation,VFX/DeadHit,VFX/DeadHit,GIF
GIF,VFX/SpawnEffect,Resource/Effect/Anim_VFX_Fire.gif,
Animation,VFX/SpawnEffect,VFX/SpawnEffect,GIF
Image,VFX/Crossbow1,Resource/Effect/Anim_VFX_CrossbowFlash/Anim_VFX_CrossbowFlash (1).png,
Image,VFX/Crossbow2,Resource/Effect/Anim_VFX_CrossbowFlash/Anim_VFX_CrossbowFlash (2).png,
Image,VFX/Crossbow3,Resource/Effect/Anim_VFX_CrossbowFlash/Anim_VFX_CrossbowFlash (3).png,
Image,VFX/Crossbow4,Resource/Effect/Anim_VFX_CrossbowFlash/Anim_VFX_CrossbowFlash (4).png,
Image,VFX/Crossbow5,Resource/Effect/Anim_VFX_CrossbowFlash/Anim_VFX_CrossbowFlash (5).png,
Image,VFX/Crossbow6,Resource/Effect/Anim_VFX_CrossbowFlash/Anim_VFX_CrossbowFlash (6).png,
Image,VFX/Crossbow7,Resource/Effect/Anim_VFX_CrossbowFlash/Anim_VFX_CrossbowFlash (7).png,
Image,VFX/Crossbow8,Resource/Effect/Anim_VFX_CrossbowFlash/Anim_VFX_CrossbowFlash (8).png,
Image,VFX/Crossbow9,Resource/Effect/Anim_VFX_CrossbowFlash/Anim_VFX_CrossbowFlash (9).png,
Image,VFX/Crossbow10,Resource/Effect/Anim_VFX_CrossbowFlash/Anim_VFX_CrossbowFlash (10).png,
Image,VFX/Crossbow11,Resource/Effect/Anim_VFX_CrossbowFlash/Anim_VFX_CrossbowFlash (11).png,
Image,VFX/Crossbow12,Resource/Effect/Anim_VFX_CrossbowFlash/Anim_VFX_CrossbowFlash (12).png,
Image,VFX/Crossbow13,Resource/Effect/Anim_VFX_CrossbowFlash/Anim_VFX_CrossbowFlash (13).png,
Image,VFX/Muzzle1,Resource/Effect/Anim_VFX_MuzzleFlash/Anim_VFX_MuzzleFlash (1).png,
Image,VFX/Muzzle2,Resource/Effect/Anim_VFX_MuzzleFlash/Anim_VFX_MuzzleFlash (2).png,
Image,VFX/Muzzle3,Resource/Effect/Anim_VFX_MuzzleFlash/Anim_VFX_MuzzleFlash (3).png,
Image,VFX/Muzzle4,Resource/Effect/Anim_VFX_MuzzleFlash/Anim_VFX_MuzzleFlash (4).png,
Image,VFX/Muzzle5,Resource/Effect/Anim_VFX_MuzzleFlash/Anim_VFX_MuzzleFlash (5).png,
Image,VFX/Muzzle6,Resource/Effect/Anim_VFX_MuzzleFlash/Anim_VFX_MuzzleFlash (6).png,
Image,VFX/Muzzle7,Resource/Effect/Anim_VFX_MuzzleFlash/Anim_VFX_MuzzleFlash (7).png,
Image,VFX/Muzzle8,Resource/Effect/Anim_VFX_MuzzleFlash/Anim_VFX_MuzzleFlash (8).png,
Image,VFX/Muzzle9,Resource/Effect/Anim_VFX_MuzzleFlash/Anim_VFX_MuzzleFlash (9).png,
Image,VFX/Muzzle10,Resource/Effect/Anim_VFX_MuzzleFlash/Anim_VFX_MuzzleFlash (10).png,
Image,VFX/Muzzle11,Resource/Effect/Anim_VFX_MuzzleFlash/Anim_VFX_MuzzleFlash (11).png,
Image,VFX/Muzzle12,Resource/Effect/Anim_VFX_MuzzleFlash/Anim_VFX_MuzzleFlash (12).png,
Image,PopupUI,Resource/UI/TextBox/UI_BackTexture.png,
Image,Tuto/UI/Abutton,Resource/UI/Tutorial/UI_A_Key.png,
Image,Tuto/UI/Dbutton,Resource/UI/Tutorial/UI_D_Key.png,
Image,Title/Logo,Resource/UI/Img_Main_Logo.png,
Image,Effect/SpawnEffect1,Resource/Effect/Anim_VFX_Fire/Comp 1_00001.png,
Image,Effect/SpawnEffect2,Resource/Effect/Anim_VFX_Fire/Comp 1_00002.png,
Image,Effect/SpawnEffect3,Resource/Effect/Anim_VFX_Fire/Comp 1_00003.png,
Image,Effect/SpawnEffect4,Resource/Effect/Anim_VFX_Fire/Comp 1_00004.png,
Image,Effect/SpawnEffect5,Resource/Effect/Anim_VFX_Fire/Comp 1_00005.png,
Image,Effect/SpawnEffect6,Resource/Effect/Anim_VFX_Fire/Comp 1_00006.png,
Image,Effect/SpawnEffect7,Resource/Effect/Anim_VFX_Fire/Comp 1_00007.png,
Image,Effect/SpawnEffect8,Resource/Effect/Anim_VFX_Fire/Comp 1_00008.png,
Image,Effect/SpawnEffect9,Resource/Effect/Anim_VFX_Fire/Comp 1_00009.png,
Image,Effect/SpawnEffect10,Resource/Effect/Anim_VFX_Fire/Comp 1_00010.png,
Image,Effect/SpawnEffect11,Resource/Effect/Anim_VFX_Fire/Comp 1_00011.png,
Image,Effect/SpawnEffect12,Resource/Effect/Anim_VFX_Fire/Comp 1_00012.png,
Image,Effect/SpawnEffect13,Resource/Effect/Anim_VFX_Fire/Comp 1_00013.png,
Image,Effect/SpawnEffect14,Resource/Effect/Anim_VFX_Fire/Comp 1_00014.png,
Image,Effect/SpawnEffect15,Resource/Effect/Anim_VFX_Fire/Comp 1_00015.png,
Image,Effect/SpawnEffect16,Resource/Effect/Anim_VFX_Fire/Comp 1_00016.png,
Image,Effect/SpawnEffect17,Resource/Effect/Anim_VFX_Fire/Comp 1_00017.png,
Image,Effect/SpawnEffect18,Resource/Effect/Anim_VFX_Fire/Comp 1_00018.png,
Image,Effect/SpawnEffect19,Resource/Effect/Anim_VFX_Fire/Comp 1_00019.png,
Image,Effect/SpawnEffect20,Resource/Effect/Anim_VFX_Fire/Comp 1_00020.png,
Image,Effect/SpawnEffect21,Resource/Effect/Anim_VFX_Fire/Comp 1_00021.png,
Image,Effect/SpawnEffect22,Resource/Effect/Anim_VFX_Fire/Comp 1_00022.png,
Image,Effect/SpawnEffect23,Resource/Effect/Anim_VFX_Fire/Comp 1_00023.png,
Image,Effect/SpawnEffect24,Resource/Effect/Anim_VFX_Fire/Comp 1_00024.png,
Image,Effect/SpawnEffect25,Resource/Effect/Anim_VFX_Fire/Comp 1_00025.png,
Image,Effect/SpawnEffect26,Resource/Effect/Anim_VFX_Fire/Comp 1_00026.png,
Image,Effect/SpawnEffect27,Resource/Effect/Anim_VFX_Fire/Comp 1_00027.png,
Image,Effect/SpawnEffect28,Resource/Effect/Anim_VFX_Fire/Comp 1_00028.png,
Image,Effect/SpawnEffect29,Resource/Effect/Anim_VFX_Fire/Comp 1_00029.png,
Image,Effect/SpawnWaitEffect0,Resource/Effect/Anim_VFX_MagicCircle/VFX_Fire_00000.png,
Image,Effect/SpawnWaitEffect1,Resource/Effect/Anim_VFX_MagicCircle/VFX_Fire_00001.png,
Image,Effect/SpawnWaitEffect2,Resource/Effect/Anim_VFX_MagicCircle/VFX_Fire_00002.png,
Image,Effect/SpawnWaitEffect3,Resource/Effect/Anim_VFX_MagicCircle/VFX_Fire_00003.png,
Image,Effect/SpawnWaitEffect4,Resource/Effect/Anim_VFX_MagicCircle/VFX_Fire_00004.png,
Image,Effect/SpawnWaitEffect5,Resource/Effect/Anim_VFX_MagicCircle/VFX_Fire_00005.png,
Image,Effect/SpawnWaitEffect6,Resource/Effect/Anim_VFX_MagicCircle/VFX_Fire_00006.png,
Image,Effect/SpawnWaitEffect7,Resource/Effect/Anim_VFX_MagicCircle/VFX_Fire_00007.png,
Image,Effect/SpawnWaitEffect8,Resource/Effect/Anim_VFX_MagicCircle/VFX_Fire_00008.png,
Image,Effect/SpawnWaitEffect9,Resource/Effect/Anim_VFX_MagicCircle/VFX_Fire_00009.png,
Image,Effect/SpawnWaitEffect10,Resource/Effect/Anim_VFX_MagicCircle/VFX_Fire_00010.png,
Image,Effect/SpawnWaitEffect11,Resource/Effect/Anim_VFX_MagicCircle/VFX_Fire_00011.png,
Image,Effect/SpawnWaitEffect12,Resource/Effect/Anim_VFX_MagicCircle/VFX_Fire_00012.png,
Image,Effect/SpawnWaitEffect13,Resource/Effect/Anim_VFX_MagicCircle/VFX_Fire_00013.png,
Image,Effect/SpawnWaitEffect14,Resource/Effect/Anim_VFX_MagicCircle/VFX_Fire_00014.png,
Image,Effect/SpawnWaitEffect15,Resource/Effect/Anim_VFX_MagicCircle/VFX_Fire_00015.png,
Image,Effect/SpawnWaitEffect16,Resource/Effect/Anim_VFX_MagicCircle/VFX_Fire_00016.png,
Image,Effect/SpawnWaitEffect17,Resource/Effect/Anim_VFX_MagicCircle/VFX_Fire_00017.png,
Image,Effect/SpawnWaitEffect18,Resource/Effect/Anim_VFX_MagicCircle/VFX_Fire_00018.png,
Image,Effect/SpawnWaitEffect19,Resource/Effect/Anim_VFX_MagicCircle/VFX_Fire_00019.png,
Image,Effect/SpawnWaitEffect20,Resource/Effect/Anim_VFX_MagicCircle/VFX_Fire_00020.png,
Image,Effect/SpawnWaitEffect21,Resource/Effect/Anim_VFX_MagicCircle/VFX_Fire_00021.png,
Image,Effect/SpawnWaitEffect22,Resource/Effect/Anim_VFX_MagicCircle/VFX_Fire_00022.png,
Image,Effect/SpawnWaitEffect23,Resource/Effect/Anim_VFX_MagicCircle/VFX_Fire_00023.png,
Image,Effect/SpawnWaitEffect24,Resource/Effect/Anim_VFX_MagicCircle/VFX_Fire_00024.png,
Image,Effect/SpawnWaitEffect25,Resource/Effect/Anim_VFX_MagicCircle/VFX_Fire_00025.png,
Image,Effect/SpawnWaitEffect26,Resource/Effect/Anim_VFX_MagicCircle/VFX_Fire_00026.png,
Image,Effect/SpawnWaitEffect27,Resource/Effect/Anim_VFX_MagicCircle/VFX_Fire_00027.png,
Image,Effect/SpawnWaitEffect28,Resource/Effect/Anim_VFX_MagicCircle/VFX_Fire_00028.png,
Image,Effect/SpawnWaitEffect29,Resource/Effect/Anim_VFX_MagicCircle/VFX_Fire_00029.png,
Image,VFX/TrainSpark1,Resource/Effect/Anim_VFX_TrainSpark/Anim_VFX_TrainSpark (1).png,
Image,VFX/TrainSpark2,Resource/Effect/Anim_VFX_TrainSpark/Anim_VFX_TrainSpark (2).png,
Image,VFX/TrainSpark3,Resource/Effect/Anim_VFX_TrainSpark/Anim_VFX_TrainSpark (3).png,
Image,VFX/TrainSpark4,Resource/Effect/Anim_VFX_TrainSpark/Anim_VFX_TrainSpark (4).png,
Image,VFX/TrainSpark5,Resource/Effect/Anim_VFX_TrainSpark/Anim_VFX_TrainSpark (5).png,
Image,VFX/TrainSpark6,Resource/Effect/Anim_VFX_TrainSpark/Anim_VFX_TrainSpark (6).png,
Image,VFX/TrainSpark7,Resource/Effect/Anim_VFX_TrainSpark/Anim_VFX_TrainSpark (7).png,
Image,VFX/TrainSpark8,Resource/Effect/Anim_VFX_TrainSpark/Anim_VFX_TrainSpark (8).png,
Image,VFX/TrainSpark9,Resource/Effect/Anim_VFX_TrainSpark/Anim_VFX_TrainSpark (9).png,
Image,VFX/TrainSpark10,Resource/Effect/Anim_VFX_TrainSpark/Anim_VFX_TrainSpark (10).png,
Image,VFX/TrainSpark11,Resource/Effect/Anim_VFX_TrainSpark/Anim_VFX_TrainSpark (11).png,
Image,UI/GameOver,Resource/UI/GameOver.png,
Image,UI/ToMainMenu,Resource/UI/ToMainMenu.png,
Image,UI/ReStart,Resource/UI/ReStart.png,
GIF,player/Run,Resource/Character/Player/Anim_Char_Run.gif,
Image,UI/PauseMenu/SkipTutorial,Resource/UI/PauseMenu/skip_tutorial.png,
Image,UI/PauseMenu/Resume,Resource/UI/PauseMenu/resume.png,
Image,UI/PauseMenu/BackToMain,Resource/UI/PauseMenu/back_to_main.png,
Image,UI/PauseMenu/QuitGame,Resource/UI/PauseMenu/quit_game.png,
Font,Font/UI,Resource/font/NEXON_Warhaven_Bold.ttf,
Font,Font/Script,Resource/font/평택노을체 Bold.ttf,
Image,Tutorial/MessageBackground,Resource/UI/UI_Popup_Plain.png,
Image,Boss/FistLeft,Resource/Character/Enemy/Boss/Img_BossEnemy_Lefthand.png,
Image,Boss/FistRight,Resource/Character/Enemy/Boss/Img_BossEnemy_Righthand.png,
Image,Boss/Body,Resource/Character/Enemy/Boss/Img_BossEnemy_Head.png,
Image,Boss/BackBody,Resource/Character/Enemy/Boss/Img_BossEnemy_Background.png,
Image,UI/ActionPriority/1,Resource/UI/TurnNumber/UI_TurnNumber1.png,
Image,UI/ActionPriority/2,Resource/UI/TurnNumber/UI_TurnNumber2.png,
Image,UI/ActionPriority/3,Resource/UI/TurnNumber/UI_TurnNumber3.png,
Image,UI/ActionPriority/4,Resource/UI/TurnNumber/UI_TurnNumber4.png,
Image,UI/ActionPriority/5,Resource/UI/TurnNumber/UI_TurnNumber5.png,
Image,UI/ActionPriority/6,Resource/UI/TurnNumber/UI_TurnNumber6.png,
Image,VFX/ChanDrop1,Resource/Effect/Anim_VFX_ChanDrop/Anim_VFX_ChanDrop-(1).png,
Image,VFX/ChanDrop2,Resource/Effect/Anim_VFX_ChanDrop/Anim_VFX_ChanDrop-(2).png,
Image,VFX/ChanDrop3,Resource/Effect/Anim_VFX_ChanDrop/Anim_VFX_ChanDrop-(3).png,
Image,VFX/ChanDrop4,Resource/Effect/Anim_VFX_ChanDrop/Anim_VFX_ChanDrop-(4).png,
Image,VFX/ChanDrop5,Resource/Effect/Anim_VFX_ChanDrop/Anim_VFX_ChanDrop-(5).png,
Image,VFX/ChanDrop6,Resource/Effect/Anim_VFX_ChanDrop/Anim_VFX_ChanDrop-(6).png,
Image,VFX/ChanDrop7,Resource/Effect/Anim_VFX_ChanDrop/Anim_VFX_ChanDrop-(7).png,
Image,VFX/ChanDrop8,Resource/Effect/Anim_VFX_ChanDrop/Anim_VFX_ChanDrop-(8).png,
Image,VFX/ChanDrop9,Resource/Effect/Anim_VFX_ChanDrop/Anim_VFX_ChanDrop-(9).png,
Image,VFX/ChanDrop10,Resource/Effect/Anim_VFX_ChanDrop/Anim_VFX_ChanDrop-(10).png,
Image,VFX/ChanDrop11,Resource/Effect/Anim_VFX_ChanDrop/Anim_VFX_ChanDrop-(11).png,
Image,VFX/ChanDrop12,Resource/Effect/Anim_VFX_ChanDrop/Anim_VFX_ChanDrop-(12).png,
Image,VFX/Explosion1,Resource/Effect/Anim_VFX_Explosion/Anim_VFX_Explosion (1).png,
Image,VFX/Explosion2,Resource/Effect/Anim_VFX_Explosion/Anim_VFX_Explosion (2).png,
Image,VFX/Explosion3,Resource/Effect/Anim_VFX_Explosion/Anim_VFX_Explosion (3).png,
Image,VFX/Explosion4,Resource/Effect/Anim_VFX_Explosion/Anim_VFX_Explosion (4).png,
Image,VFX/Explosion5,Resource/Effect/Anim_VFX_Explosion/Anim_VFX_Explosion (5).png,
Image,VFX/Explosion6,Resource/Effect/Anim_VFX_Explosion/Anim_VFX_Explosion (6).png,
Image,VFX/Explosion7,Resource/Effect/Anim_VFX_Explosion/Anim_VFX_Explosion (7).png,
Image,VFX/Explosion8,Resource/Effect/Anim_VFX_Explosion/Anim_VFX_Explosion (8).png,
Image,VFX/Explosion9,Resource/Effect/Anim_VFX_Explosion/Anim_VFX_Explosion (9).png,
Image,VFX/Explosion10,Resource/Effect/Anim_VFX_Explosion/Anim_VFX_Explosion (10).png,
Image,VFX/Explosion11,Resource/Effect/Anim_VFX_Explosion/Anim_VFX_Explosion (11).png,
Image,VFX/Explosion12,Resource/Effect/Anim_VFX_Explosion/Anim_VFX_Explosion (12).png,
Image,VFX/AcidFire1,Resource/Effect/Anim_VFX_AcidFire/Anim_VFX_AcidFire (1).png,
Image,VFX/AcidFire2,Resource/Effect/Anim_VFX_AcidFire/Anim_VFX_AcidFire (2).png,
Image,VFX/AcidFire3,Resource/Effect/Anim_VFX_AcidFire/Anim_VFX_AcidFire (3).png,
Image,VFX/AcidFire4,Resource/Effect/Anim_VFX_AcidFire/Anim_VFX_AcidFire (4).png,
Image,VFX/AcidFire5,Resource/Effect/Anim_VFX_AcidFire/Anim_VFX_AcidFire (5).png,
Image,VFX/AcidFire6,Resource/Effect/Anim_VFX_AcidFire/Anim_VFX_AcidFire (6).png,
Image,VFX/AcidFire7,Resource/Effect/Anim_VFX_AcidFire/Anim_VFX_AcidFire (7).png,
Image,VFX/AcidFire8,Resource/Effect/Anim_VFX_AcidFire/Anim_VFX_AcidFire (8).png,
Image,VFX/AcidFire9,Resource/Effect/Anim_VFX_AcidFire/Anim_VFX_AcidFire (9).png,
Image,VFX/AcidFire10,Resource/Effect/Anim_VFX_AcidFire/Anim_VFX_AcidFire (10).png,
Image,VFX/AcidFire11,Resource/Effect/Anim_VFX_AcidFire/Anim_VFX_AcidFire (11).png,
Image,VFX/AcidFire12,Resource/Effect/Anim_VFX_AcidFire/Anim_VFX_AcidFire (12).png,
Image,VFX/Claw1,Resource/Effect/Anim_VFX_Claw/Anim_VFX_Claw (1).png,
Image,VFX/Claw2,Resource/Effect/Anim_VFX_Claw/Anim_VFX_Claw (2).png,
Image,VFX/Claw3,Resource/Effect/Anim_VFX_Claw/Anim_VFX_Claw (3).png,
Image,VFX/Claw4,Resource/Effect/Anim_VFX_Claw/Anim_VFX_Claw (4).png,
Image,VFX/Claw5,Resource/Effect/Anim_VFX_Claw/Anim_VFX_Claw (5).png,
Image,VFX/Claw6,Resource/Effect/Anim_VFX_Claw/Anim_VFX_Claw (6).png,
Image,VFX/Claw7,Resource/Effect/Anim_VFX_Claw/Anim_VFX_Claw (7).png,
Image,VFX/Claw8,Resource/Effect/Anim_VFX_Claw/Anim_VFX_Claw (8).png,
Image,VFX/Claw9,Resource/Effect/Anim_VFX_Claw/Anim_VFX_Claw (9).png,
Image,VFX/Claw10,Resource/Effect/Anim_VFX_Claw/Anim_VFX_Claw (10).png,
Image,VFX/Claw11,Resource/Effect/Anim_VFX_Claw/Anim_VFX_Claw (11).png,
Image,VFX/Claw12,Resource/Effect/Anim_VFX_Claw/Anim_VFX_Claw (12).png,
Image,VFX/Claw13,Resource/Effect/Anim_VFX_Claw/Anim_VFX_Claw (13).png,
Image,TrainHeart/Dead,Resource/Character/Heart/Img_TrainHeart_Dead.png,
Image,TrainHeart/Hit,Resource/Character/Heart/Img_TrainHeart_Hit.png,
Image,TrainHeart/BackGround,Resource/Character/Heart/Img_TrainHeartBackground.png,
Image,Boss/OpenEye1,Resource/Character/Enemy/Boss/Img_BossEnemy_png/Comp 1_200.png,
Image,Boss/OpenEye2,Resource/Character/Enemy/Boss/Img_BossEnemy_png/Comp 1_201.png,
Image,Boss/OpenEye3,Resource/Character/Enemy/Boss/Img_BossEnemy_png/Comp 1_202.png,
Image,Boss/OpenEye4,Resource/Character/Enemy/Boss/Img_BossEnemy_png/Comp 1_203.png,
Image,Boss/OpenEye5,Resource/Character/Enemy/Boss/Img_BossEnemy_png/Comp 1_204.png,
Image,Boss/OpenEye6,Resource/Character/Enemy/Boss/Img_BossEnemy_png/Comp 1_205.png,
Image,Boss/OpenEye7,Resource/Character/Enemy/Boss/Img_BossEnemy_png/Comp 1_206.png,
Image,Boss/OpenEye8,Resource/Character/Enemy/Boss/Img_BossEnemy_png/Comp 1_207.png,
Image,Boss/OpenEye9,Resource/Character/Enemy/Boss/Img_BossEnemy_png/Comp 1_208.png,
Image,Boss/OpenEye10,Resource/Character/Enemy/Boss/Img_BossEnemy_png/Comp 1_209.png,
Image,Boss/OpenEye11,Resource/Character/Enemy/Boss/Img_BossEnemy_png/Comp 1_210.png,
Image,Boss/OpenEye12,Resource/Character/Enemy/Boss/Img_BossEnemy_png/Comp 1_211.png,
Image,Boss/OpenEye13,Resource/Character/Enemy/Boss/Img_BossEnemy_png/Comp 1_212.png,
Image,Boss/OpenEye14,Resource/Character/Enemy/Boss/Img_BossEnemy_png/Comp 1_213.png,
Image,Boss/OpenEye15,Resource/Character/Enemy/Boss/Img_BossEnemy_png/Comp 1_214.png,
Image,Boss/OpenEye16,Resource/Character/Enemy/Boss/Img_BossEnemy_png/Comp 1_215.png,
Image,Boss/OpenEye17,Resource/Character/Enemy/Boss/Img_BossEnemy_png/Comp 1_216.png,
Image,Boss/OpenEye18,Resource/Character/Enemy/Boss/Img_BossEnemy_png/Comp 1_217.png,
Image,Boss/OpenEye19,Resource/Character/Enemy/Boss/Img_BossEnemy_png/Comp 1_218.png,
Image,Boss/OpenEye20,Resource/Character/Enemy/Boss/Img_BossEnemy_png/Comp 1_219.png,
Image,Boss/OpenEye21,Resource/Character/Enemy/Boss/Img_BossEnemy_png/Comp 1_220.png,
Image,Boss/OpenEye22,Resource/Character/Enemy/Boss/Img_BossEnemy_png/Comp 1_221.png,
Image,Boss/OpenEye23,Resource/Character/Enemy/Boss/Img_BossEnemy_png/Comp 1_222.png,
Image,Boss/OpenEye24,Resource/Character/Enemy/Boss/Img_BossEnemy_png/Comp 1_223.png,
Image,Boss/OpenEye25,Resource/Character/Enemy/Boss/Img_BossEnemy_png/Comp 1_224.png,
Image,Boss/OpenEye26,Resource/Character/Enemy/Boss/Img_BossEnemy_png/Comp 1_225.png,
Image,Boss/OpenEye27,Resource/Character/Enemy/Boss/Img_BossEnemy_png/Comp 1_226.png,
Image,Boss/OpenEye28,Resource/Character/Enemy/Boss/Img_BossEnemy_png/Comp 1_227.png,
Image,Boss/OpenEye29,Resource/Character/Enemy/Boss/Img_BossEnemy_png/Comp 1_228.png,
Image,Boss/OpenEye30,Resource/Character/Enemy/Boss/Img_BossEnemy_png/Comp 1_229.png,
GIF,Boss/SpawnAnimation,Resource/Character/Enemy/Boss/Img_BossEnemy.gif,
Animation,Boss/SpawnAnimation,Boss/SpawnAnimation,GIF
GIF,UI/Mouse,Resource/UI/Tutorial/UI_Mouse.gif,
Image,UI/Gradation,Resource/UI/Gradation.png,
Image,UI/GotoNextStage,Resource/UI/next stage.png,
Image,UI/GotoNextStage/Clicked,Resource/UI/next stage2.png,
Image,UI/BossLock,Resource/UI/UI_Boss_Lock.png,
Image,UI/GameStartBtn,Resource/UI/UI_Button/UI_Button_Start.png,
Image,UI/GameStartBtn/Selected,Resource/UI/UI_Button/UI_Button_Start2.png,
Image,UI/ResumeBtn,Resource/UI/UI_Button/UI_Button_Back.png,
Image,UI/ResumeBtn/Selected,Resource/UI/UI_Button/UI_Button_Back2.png,
Image,UI/QuitBtn,Resource/UI/UI_Button/UI_Button_Off.png,
Image,UI/QuitBtn/Selected,Resource/UI/UI_Button/UI_Button_Off2.png,
Image,UI/RetryBtn,Resource/UI/UI_Button/UI_Button_Retry.png,
Image,UI/RetryBtn/Selected,Resource/UI/UI_Button/UI_Button_Retry2.png,
Image,UI/BackToMainBtn,Resource/UI/UI_Button/UI_Button_ToMain.png,
Image,UI/BackToMainBtn/Selected,Resource/UI/UI_Button/UI_Button_ToMain2.png,
Image,UI/SkipTutorialBtn,Resource/UI/UI_Button/UI_Button_TutoSkip.png,
Image,UI/SkipTutorialBtn/Selected,Resource/UI/UI_Button/UI_Button_TutoSkip2.png,
Image,Boss/SpawnAnimation1,Resource/Character/Enemy/Boss/Img_Boss_png/Comp 1_00000.png,
Image,Boss/SpawnAnimation2,Resource/Character/Enemy/Boss/Img_Boss_png/Comp 1_00001.png,
Image,Boss/SpawnAnimation3,Resource/Character/Enemy/Boss/Img_Boss_png/Comp 1_00002.png,
Image,Boss/SpawnAnimation4,Resource/Character/Enemy/Boss/Img_Boss_png/Comp 1_00003.png,
Image,Boss/SpawnAnimation5,Resource/Character/Enemy/Boss/Img_Boss_png/Comp 1_00004.png,
Image,Boss/SpawnAnimation6,Resource/Character/Enemy/Boss/Img_Boss_png/Comp 1_00005.png,
Image,Boss/SpawnAnimation7,Resource/Character/Enemy/Boss/Img_Boss_png/Comp 1_00006.png,
Image,Boss/SpawnAnimation8,Resource/Character/Enemy/Boss/Img_Boss_png/Comp 1_00007.png,
Image,Boss/SpawnAnimation9,Resource/Character/Enemy/Boss/Img_Boss_png/Comp 1_00008.png,
Image,Boss/SpawnAnimation10,Resource/Character/Enemy/Boss/Img_Boss_png/Comp 1_00009.png,
Image,Boss/SpawnAnimation11,Resource/Character/Enemy/Boss/Img_Boss_png/Comp 1_00010.png,
Image,Boss/SpawnAnimation12,Resource/Character/Enemy/Boss/Img_Boss_png/Comp 1_00011.png,
Image,Boss/SpawnAnimation13,Resource/Character/Enemy/Boss/Img_Boss_png/Comp 1_00012.png,
Image,Boss/SpawnAnimation14,Resource/Character/Enemy/Boss/Img_Boss_png/Comp 1_00013.png,
Image,Boss/SpawnAnimation15,Resource/Character/Enemy/Boss/Img_Boss_png/Comp 1_00014.png,
Image,Boss/SpawnAnimation16,Resource/Character/Enemy/Boss/Img_Boss_png/Comp 1_00015.png,
Image,Boss/SpawnAnimation17,Resource/Character/Enemy/Boss/Img_Boss_png/Comp 1_00016.png,
Image,Boss/SpawnAnimation18,Resource/Character/Enemy/Boss/Img_Boss_png/Comp 1_00017.png,
Image,Boss/SpawnAnimation19,Resource/Character/Enemy/Boss/Img_Boss_png/Comp 1_00018.png,
Image,Boss/SpawnAnimation20,Resource/Character/Enemy/Boss/Img_Boss_png/Comp 1_00019.png,
Image,Boss/SpawnAnimation21,Resource/Character/Enemy/Boss/Img_Boss_png/Comp 1_00020.png,
Image,Boss/SpawnAnimation22,Resource/Character/Enemy/Boss/Img_Boss_png/Comp 1_00021.png,
Image,Boss/SpawnAnimation23,Resource/Character/Enemy/Boss/Img_Boss_png/Comp 1_00022.png,
Image,Boss/SpawnAnimation24,Resource/Character/Enemy/Boss/Img_Boss_png/Comp 1_00023.png,
Image,Boss/SpawnAnimation25,Resource/Character/Enemy/Boss/Img_Boss_png/Comp 1_00024.png,
Image,Boss/SpawnAnimation26,Resource/Character/Enemy/Boss/Img_Boss_png/Comp 1_00025.png,
Image,Boss/SpawnAnimation27,Resource/Character/Enemy/Boss/Img_Boss_png/Comp 1_00026.png,
Image,Boss/SpawnAnimation28,Resource/Character/Enemy/Boss/Img_Boss_png/Comp 1_00027.png,
Image,Boss/SpawnAnimation29,Resource/Character/Enemy/Boss/Img_Boss_png/Comp 1_00028.png,
Image,Boss/SpawnAnimation30,Resource/Character/Enemy/Boss/Img_Boss_png/Comp 1_00029.png,
Image,Boss/SpawnAnimation31,Resource/Character/Enemy/Boss/Img_Boss_png/Comp 1_00030.png,
Image,Boss/SpawnAnimation32,Resource/Character/Enemy/Boss/Img_Boss_png/Comp 1_00031.png,
Image,Boss/SpawnAnimation33,Resource/Character/Enemy/Boss/Img_Boss_png/Comp 1_00032.png,
Image,Boss/SpawnAnimation34,Resource/Character/Enemy/Boss/Img_Boss_png/Comp 1_00033.png,
Image,Boss/SpawnAnimation35,Resource/Character/Enemy/Boss/Img_Boss_png/Comp 1_00034.png,
Image,Boss/SpawnAnimation36,Resource/Character/Enemy/Boss/Img_Boss_png/Comp 1_00035.png,
Image,Boss/SpawnAnimation37,Resource/Character/Enemy/Boss/Img_Boss_png/Comp 1_00036.png,
Image,Boss/SpawnAnimation38,Resource/Character/Enemy/Boss/Img_Boss_png/Comp 1_00037.png,
Image,Boss/SpawnAnimation39,Resource/Character/Enemy/Boss/Img_Boss_png/Comp 1_00038.png,
Image,Boss/SpawnAnimation40,Resource/Character/Enemy/Boss/Img_Boss_png/Comp 1_00039.png,
Image,Boss/SpawnAnimation41,Resource/Character/Enemy/Boss/Img_Boss_png/Comp 1_00040.png,
Image,Boss/SpawnAnimation42,Resource/Character/Enemy/Boss/Img_Boss_png/Comp 1_00041.png,
Image,Boss/SpawnAnimation43,Resource/Character/Enemy/Boss/Img_Boss_png/Comp 1_00042.png,
Image,Boss/SpawnAnimation44,Resource/Character/Enemy/Boss/Img_Boss_png/Comp 1_00043.png,
Image,Boss/SpawnAnimation45,Resource/Character/Enemy/Boss/Img_Boss_png/Comp 1_00044.png,
Image,Boss/SpawnAnimation46,Resource/Character/Enemy/Boss/Img_Boss_png/Comp 1_00045.png,
Image,Boss/SpawnAnimation47,Resource/Character/Enemy/Boss/Img_Boss_png/Comp 1_00046.png,
Image,Boss/SpawnAnimation48,Resource/Character/Enemy/Boss/Img_Boss_png/Comp 1_00047.png,
Image,Boss/SpawnAnimation49,Resource/Character/Enemy/Boss/Img_Boss_png/Comp 1_00048.png,
Image,Boss/SpawnAnimation50,Resource/Character/Enemy/Boss/Img_Boss_png/Comp 1_00049.png,
Image,Boss/SpawnAnimation51,Resource/Character/Enemy/Boss/Img_Boss_png/Comp 1_00050.png,
Image,Boss/SpawnAnimation52,Resource/Character/Enemy/Boss/Img_Boss_png/Comp 1_00051.png,
Image,Boss/SpawnAnimation53,Resource/Character/Enemy/Boss/Img_Boss_png/Comp 1_00052.png,
Image,Boss/SpawnAnimation54,Resource/Character/Enemy/Boss/Img_Boss_png/Comp 1_00053.png,
Image,Boss/SpawnAnimation55,Resource/Character/Enemy/Boss/Img_Boss_png/Comp 1_00054.png,
Image,Boss/SpawnAnimation56,Resource/Character/Enemy/Boss/Img_Boss_png/Comp 1_00055.png,
Image,Boss/SpawnAnimation57,Resource/Character/Enemy/Boss/Img_Boss_png/Comp 1_00056.png,
Image,Boss/SpawnAnimation58,Resource/Character/Enemy/Boss/Img_Boss_png/Comp 1_00057.png,
Image,Boss/SpawnAnimation59,Resource/Character/Enemy/Boss/Img_Boss_png/Comp 1_00058.png,
Image,Boss/SpawnAnimation60,Resource/Character/Enemy/Boss/Img_Boss_png/Comp 1_00059.png,
Image,Boss/SpawnAnimation61,Resource/Character/Enemy/Boss/Img_Boss_png/Comp 1_00060.png,
Image,Boss/SpawnAnimation62,Resource/Character/Enemy/Boss/Img_Boss_png/Comp 1_00061.png,
Image,Boss/SpawnAnimation63,Resource/Character/Enemy/Boss/Img_Boss_png/Comp 1_00062.png,
Image,Boss/SpawnAnimation64,Resource/Character/Enemy/Boss/Img_Boss_png/Comp 1_00063.png,
Image,Boss/SpawnAnimation65,Resource/Character/Enemy/Boss/Img_Boss_png/Comp 1_00064.png,
Image,Boss/SpawnAnimation66,Resource/Character/Enemy/Boss/Img_Boss_png/Comp 1_00065.png,
Image,Boss/SpawnAnimation67,Resource/Character/Enemy/Boss/Img_Boss_png/Comp 1_00066.png,
Image,Boss/SpawnAnimation68,Resource/Character/Enemy/Boss/Img_Boss_png/Comp 1_00067.png,
Image,Boss/SpawnAnimation69,Resource/Character/Enemy/Boss/Img_Boss_png/Comp 1_00068.png,
Image,Boss/SpawnAnimation70,Resource/Character/Enemy/Boss/Img_Boss_png/Comp 1_00069.png,
Image,Boss/SpawnAnimation71,Resource/Character/Enemy/Boss/Img_Boss_png/Comp 1_00070.png,
Image,Boss/SpawnAnimation72,Resource/Character/Enemy/Boss/Img_Boss_png/Comp 1_00071.png,
Image,Boss/SpawnAnimation73,Resource/Character/Enemy/Boss/Img_Boss_png/Comp 1_00072.png,
Image,Boss/SpawnAnimation74,Resource/Character/Enemy/Boss/Img_Boss_png/Comp 1_00073.png,
Image,Boss/SpawnAnimation75,Resource/Character/Enemy/Boss/Img_Boss_png/Comp 1_00074.png,
Image,Boss/SpawnAnimation76,Resource/Character/Enemy/Boss/Img_Boss_png/Comp 1_00075.png,
Image,Boss/SpawnAnimation77,Resource/Character/Enemy/Boss/Img_Boss_png/Comp 1_00076.png,
Image,Boss/SpawnAnimation78,Resource/Character/Enemy/Boss/Img_Boss_png/Comp 1_00077.png,
Image,Boss/SpawnAnimation79,Resource/Character/Enemy/Boss/Img_Boss_png/Comp 1_00078.png,
Image,Boss/SpawnAnimation80,Resource/Character/Enemy/Boss/Img_Boss_png/Comp 1_00079.png,
Image,Boss/SpawnAnimation81,Resource/Character/Enemy/Boss/Img_Boss_png/Comp 1_00080.png,
Image,Boss/SpawnAnimation82,Resource/Character/Enemy/Boss/Img_Boss_png/Comp 1_00081.png,
Image,Boss/SpawnAnimation83,Resource/Character/Enemy/Boss/Img_Boss_png/Comp 1_00082.png,
Image,Boss/SpawnAnimation84,Resource/Character/Enemy/Boss/Img_Boss_png/Comp 1_00083.png,
Image,Boss/SpawnAnimation85,Resource/Character/Enemy/Boss/Img_Boss_png/Comp 1_00084.png,
Image,Boss/SpawnAnimation86,Resource/Character/Enemy/Boss/Img_Boss_png/Comp 1_00085.png,
Image,Boss/SpawnAnimation87,Resource/Character/Enemy/Boss/Img_Boss_png/Comp 1_00086.png,
Image,Boss/SpawnAnimation88,Resource/Character/Enemy/Boss/Img_Boss_png/Comp 1_00087.png,
Image,Boss/SpawnAnimation89,Resource/Character/Enemy/Boss/Img_Boss_png/Comp 1_00088.png,
Image,Boss/SpawnAnimation90,Resource/Character/Enemy/Boss/Img_Boss_png/Comp 1_00089.png,
Image,Boss/SpawnAnimation91,Resource/Character/Enemy/Boss/Img_Boss_png/Comp 1_00090.png,
Image,Boss/SpawnAnimation92,Resource/Character/Enemy/Boss/Img_Boss_png/Comp 1_00091.png,
Image,Boss/SpawnAnimation93,Resource/Character/Enemy/Boss/Img_Boss_png/Comp 1_00092.png,
Image,Boss/SpawnAnimation94,Resource/Character/Enemy/Boss/Img_Boss_png/Comp 1_00093.png,
Image,Boss/SpawnAnimation95,Resource/Character/Enemy/Boss/Img_Boss_png/Comp 1_00094.png,
Image,Boss/SpawnAnimation96,Resource/Character/Enemy/Boss/Img_Boss_png/Comp 1_00095.png,
Image,Boss/SpawnAnimation97,Resource/Character/Enemy/Boss/Img_Boss_png/Comp 1_00096.png,
Image,Boss/SpawnAnimation98,Resource/Character/Enemy/Boss/Img_Boss_png/Comp 1_00097.png,
Image,Boss/SpawnAnimation99,Resource/Character/Enemy/Boss/Img_Boss_png/Comp 1_00098.png,
Image,Boss/SpawnAnimation100,Resource/Character/Enemy/Boss/Img_Boss_png/Comp 1_00099.png,
Image,Boss/SpawnAnimation101,Resource/Character/Enemy/Boss/Img_Boss_png/Comp 1_00100.png,
Image,Boss/SpawnAnimation102,Resource/Character/Enemy/Boss/Img_Boss_png/Comp 1_00101.png,
Image,Boss/SpawnAnimation103,Resource/Character/Enemy/Boss/Img_Boss_png/Comp 1_00102.png,
Image,Boss/SpawnAnimation104,Resource/Character/Enemy/Boss/Img_Boss_png/Comp 1_00103.png,
Image,Boss/SpawnAnimation105,Resource/Character/Enemy/Boss/Img_Boss_png/Comp 1_00104.png,
Image,Boss/SpawnAnimation106,Resource/Character/Enemy/Boss/Img_Boss_png/Comp 1_00105.png,
Image,Boss/SpawnAnimation107,Resource/Character/Enemy/Boss/Img_Boss_png/Comp 1_00106.png,
Image,Boss/SpawnAnimation108,Resource/Character/Enemy/Boss/Img_Boss_png/Comp 1_00107.png,
Image,Boss/SpawnAnimation109,Resource/Character/Enemy/Boss/Img_Boss_png/Comp 1_00108.png,
Image,Boss/SpawnAnimation110,Resource/Character/Enemy/Boss/Img_Boss_png/Comp 1_00109.png,
Image,Boss/SpawnAnimation111,Resource/Character/Enemy/Boss/Img_Boss_png/Comp 1_00110.png,
Image,Boss/SpawnAnimation112,Resource/Character/Enemy/Boss/Img_Boss_png/Comp 1_00111.png,
Image,Boss/SpawnAnimation113,Resource/Character/Enemy/Boss/Img_Boss_png/Comp 1_00112.png,
Image,Boss/SpawnAnimation114,Resource/Character/Enemy/Boss/Img_Boss_png/Comp 1_00113.png,
Image,Boss/SpawnAnimation115,Resource/Character/Enemy/Boss/Img_Boss_png/Comp 1_00114.png,
Image,Boss/SpawnAnimation116,Resource/Character/Enemy/Boss/Img_Boss_png/Comp 1_00115.png,
Image,Boss/SpawnAnimation117,Resource/Character/Enemy/Boss/Img_Boss_png/Comp 1_00116.png,
Image,Boss/SpawnAnimation118,Resource/Character/Enemy/Boss/Img_Boss_png/Comp 1_00117.png,
Image,Boss/SpawnAnimation119,Resource/Character/Enemy/Boss/Img_Boss_png/Comp 1_00118.png,
Image,Boss/SpawnAnimation120,Resource/Character/Enemy/Boss/Img_Boss_png/Comp 1_00119.png,Image
Image,Train/Lever1,Resource/Stage/lever (1).png,
Image,Train/Lever2,Resource/Stage/lever (2).png,
Image,Tuto/UI/Wbutton,Resource/UI/Tutorial/UI_W_Key.png,
Image,Tuto/UI/Sbutton,Resource/UI/Tutorial/UI_S_Key.png,
Image,ggamjange,Resource/UI/ggamjange.png,
Image,UI/GameOverText,Resource/UI/UI_GameOver_Text.png,
Image,VFX/Bite1,Resource/Effect/Anim_VFX_Bite/Anim_VFX_Bite (1).png,
Image,VFX/Bite2,Resource/Effect/Anim_VFX_Bite/Anim_VFX_Bite (2).png,
Image,VFX/Bite3,Resource/Effect/Anim_VFX_Bite/Anim_VFX_Bite (3).png,
Image,VFX/Bite4,Resource/Effect/Anim_VFX_Bite/Anim_VFX_Bite (4).png,
Image,VFX/Bite5,Resource/Effect/Anim_VFX_Bite/Anim_VFX_Bite (5).png,
Image,VFX/Bite6,Resource/Effect/Anim_VFX_Bite/Anim_VFX_Bite (6).png,
Image,VFX/Bite7,Resource/Effect/Anim_VFX_Bite/Anim_VFX_Bite (7).png,
Image,VFX/Bite8,Resource/Effect/Anim_VFX_Bite/Anim_VFX_Bite (8).png,
Image,VFX/Bite9,Resource/Effect/Anim_VFX_Bite/Anim_VFX_Bite (9).png,
Image,VFX/Bite10,Resource/Effect/Anim_VFX_Bite/Anim_VFX_Bite (10).png,
Image,VFX/Bite11,Resource/Effect/Anim_VFX_Bite/Anim_VFX_Bite (11).png,
Image,VFX/Bite12,Resource/Effect/Anim_VFX_Bite/Anim_VFX_Bite (12).png,
